{
	"info": {
		"_postman_id": "53e894b2-26b2-469a-aba4-c16fac365359",
		"name": "Book-Collection",
		"schema": "https://schema.getpostman.com/json/collection/v2.0.0/collection.json",
		"_exporter_id": "37601514"
	},
	"item": [
		{
			"name": "Status",
			"request": {
				"method": "GET",
				"header": [],
				"url": "https://simple-books-api.glitch.me/status"
			},
			"response": []
		},
		{
			"name": "Books",
			"request": {
				"method": "GET",
				"header": [],
				"url": "https://simple-books-api.glitch.me/books"
			},
			"response": []
		},
		{
			"name": "Books-ID",
			"request": {
				"method": "GET",
				"header": [],
				"url": "https://simple-books-api.glitch.me/books/1"
			},
			"response": []
		},
		{
			"name": "ApiClients",
			"request": {
				"auth": {
					"type": "bearer",
					"bearer": {
						"token": "73559e68bf8a5a38e697f53bd047bd3cdecbc8f40d7653e634773bbfff979f17"
					}
				},
				"method": "POST",
				"header": [],
				"body": {
					"mode": "raw",
					"raw": "{\n    \"clientName\": \"Tamanna\",\n    \"clientEmail\": \"zerinjahan2324@gmail.com\"\n}",
					"options": {
						"raw": {
							"language": "json"
						}
					}
				},
				"url": "{{url}}/api-clients/"
			},
			"response": []
		},
		{
			"name": "Orders",
			"request": {
				"auth": {
					"type": "bearer",
					"bearer": {
						"token": "73559e68bf8a5a38e697f53bd047bd3cdecbc8f40d7653e634773bbfff979f17"
					}
				},
				"method": "POST",
				"header": [],
				"body": {
					"mode": "raw",
					"raw": "{\n    \"bookId\": \"1\",\n    \"customerName\": \"The Russian\"\n}",
					"options": {
						"raw": {
							"language": "json"
						}
					}
				},
				"url": "{{url}}/orders/"
			},
			"response": []
		},
		{
			"name": "orders",
			"protocolProfileBehavior": {
				"disableBodyPruning": true
			},
			"request": {
				"auth": {
					"type": "bearer",
					"bearer": {
						"token": "73559e68bf8a5a38e697f53bd047bd3cdecbc8f40d7653e634773bbfff979f17"
					}
				},
				"method": "GET",
				"header": [],
				"body": {
					"mode": "raw",
					"raw": "",
					"options": {
						"raw": {
							"language": "json"
						}
					}
				},
				"url": "https://simple-books-api.glitch.me/orders"
			},
			"response": []
		},
		{
			"name": "orderId",
			"request": {
				"auth": {
					"type": "bearer",
					"bearer": {
						"token": "73559e68bf8a5a38e697f53bd047bd3cdecbc8f40d7653e634773bbfff979f17"
					}
				},
				"method": "GET",
				"header": [],
				"url": "https://simple-books-api.glitch.me/orders/DYrL7e0SXaQX0IMZxpdre"
			},
			"response": []
		},
		{
			"name": "orderId",
			"request": {
				"auth": {
					"type": "bearer",
					"bearer": {
						"token": "73559e68bf8a5a38e697f53bd047bd3cdecbc8f40d7653e634773bbfff979f17"
					}
				},
				"method": "PATCH",
				"header": [],
				"body": {
					"mode": "raw",
					"raw": "{\n        \"bookId\": \"1\",\n        \"customerName\": \"jerin\"\n}",
					"options": {
						"raw": {
							"language": "json"
						}
					}
				},
				"url": "{{url}}/orders/DYrL7e0SXaQX0IMZxpdre"
			},
			"response": []
		},
		{
			"name": "deleteId",
			"request": {
				"auth": {
					"type": "bearer",
					"bearer": {
						"token": "73559e68bf8a5a38e697f53bd047bd3cdecbc8f40d7653e634773bbfff979f17"
					}
				},
				"method": "DELETE",
				"header": [],
				"url": "{{url}}/orders/DYrL7e0SXaQX0IMZxpdre"
			},
			"response": []
		},
		{
			"name": "clients",
			"request": {
				"auth": {
					"type": "bearer",
					"bearer": {
						"token": "73559e68bf8a5a38e697f53bd047bd3cdecbc8f40d7653e634773bbfff979f17"
					}
				},
				"method": "POST",
				"header": [],
				"body": {
					"mode": "raw",
					"raw": " {\n    \"clientName\": \"Tamanna\",\n    \"clientEmail\": \"zerinjahan2324@gmail.com\"\n }",
					"options": {
						"raw": {
							"language": "json"
						}
					}
				},
				"url": "https://simple-books-api.glitch.me/api-clients"
			},
			"response": []
		}
	]
}