{
	"id": "abb9da64-b813-4d31-a0bd-5d0428b81ba8",
	"name": "Bug",
	"values": [
		{
			"key": "url",
			"value": "https://simple-books-api.glitch.me",
			"type": "default",
			"enabled": true
		},
		{
			"key": "token",
			"value": "4b74aba398114e5366dcaf2ed546117bf136143c0decb6eb477c148bbe35d287",
			"type": "default",
			"enabled": true
		},
		{
			"key": "AccessData",
			"value": "",
			"type": "any",
			"enabled": true
		}
	],
	"_postman_variable_scope": "environment",
	"_postman_exported_at": "2024-08-28T14:50:13.079Z",
	"_postman_exported_using": "Postman/11.10.0-240820-1117"
}