{
	"id": "ba699b7d-51c4-4a89-8a51-2da7f8b654a4",
	"name": "Bug16",
	"values": [
		{
			"key": "url",
			"value": "https://restful-booker.herokuapp.com",
			"type": "default",
			"enabled": true
		},
		{
			"key": "myID.jsonData.bookingid",
			"value": "",
			"type": "any",
			"enabled": true
		},
		{
			"key": "myID",
			"value": "",
			"type": "any",
			"enabled": true
		},
		{
			"key": "AccessData",
			"value": "",
			"type": "any",
			"enabled": true
		}
	],
	"_postman_variable_scope": "environment",
	"_postman_exported_at": "2024-08-20T18:10:47.308Z",
	"_postman_exported_using": "Postman/11.9.1-240820-0942"
}