{
	"info": {
		"_postman_id": "e53124d8-9b5f-41ac-802d-cc780507baeb",
		"name": "TicketCollection",
		"schema": "https://schema.getpostman.com/json/collection/v2.0.0/collection.json",
		"_exporter_id": "37601514"
	},
	"item": [
		{
			"name": "Ticket",
			"event": [
				{
					"listen": "test",
					"script": {
						"exec": [
							"{",
							"    \"lastname\"=\"Jahan\"",
							"}"
						],
						"type": "text/javascript",
						"packages": {}
					}
				}
			],
			"request": {
				"method": "GET",
				"header": [
					{
						"key": "Content-Type",
						"value": "application/json",
						"type": "text"
					},
					{
						"key": "Accept",
						"value": "application/json",
						"type": "text"
					},
					{
						"key": "Cookie",
						"value": "token = {{AccessData}}",
						"type": "text"
					}
				],
				"url": "{{url}}/booking/{{myID}}"
			},
			"response": []
		},
		{
			"name": "New Request",
			"event": [
				{
					"listen": "test",
					"script": {
						"exec": [
							"var jsonData=pm.response.json()",
							"pm.environment.set(\"myID\",jsonData.bookingid)"
						],
						"type": "text/javascript",
						"packages": {}
					}
				}
			],
			"request": {
				"method": "POST",
				"header": [],
				"body": {
					"mode": "raw",
					"raw": "{\n    \"firstname\": \"Jerin\",\n    \"lastname\": \"Jahan\",\n    \"totalprice\": 111,\n    \"depositpaid\": true,\n    \"bookingdates\": {\n        \"checkin\": \"2018-01-01\",\n        \"checkout\": \"2019-01-01\"\n    },\n    \"additionalneeds\": \"super bowls\"\n}",
					"options": {
						"raw": {
							"language": "json"
						}
					}
				},
				"url": "{{url}}/booking/"
			},
			"response": []
		},
		{
			"name": "FullUpdate",
			"request": {
				"auth": {
					"type": "bearer",
					"bearer": {
						"token": "2ac3e07a27ea8cb"
					}
				},
				"method": "PUT",
				"header": [
					{
						"key": "Accept",
						"value": "application/json",
						"type": "text"
					},
					{
						"key": "Cookie",
						"value": "token = {{AccessData}}",
						"type": "text"
					}
				],
				"body": {
					"mode": "raw",
					"raw": " {\n    \"firstname\": \"John\",\n    \"lastname\": \"Tamanna\",\n    \"totalprice\": 111,\n    \"depositpaid\": true,\n    \"bookingdates\": {\n        \"checkin\": \"2018-01-01\",\n        \"checkout\": \"2019-01-01\"\n    },\n    \"additionalneeds\": \"super bowls\"\n}",
					"options": {
						"raw": {
							"language": "json"
						}
					}
				},
				"url": "{{url}}/booking/{{myID}}"
			},
			"response": []
		},
		{
			"name": "Authentication",
			"event": [
				{
					"listen": "test",
					"script": {
						"exec": [
							"var jsonData = pm.response.json()",
							"pm.environment.set(\"AccessData\",jsonData.token)"
						],
						"type": "text/javascript",
						"packages": {}
					}
				}
			],
			"request": {
				"method": "POST",
				"header": [],
				"body": {
					"mode": "raw",
					"raw": "{\n    \"username\":\"admin\",\n    \"password\":\"password123\"\n}",
					"options": {
						"raw": {
							"language": "json"
						}
					}
				},
				"url": "{{url}}/auth"
			},
			"response": []
		},
		{
			"name": "Update",
			"request": {
				"method": "GET",
				"header": []
			},
			"response": []
		},
		{
			"name": "DeleteID",
			"request": {
				"method": "DELETE",
				"header": [
					{
						"key": "Content-Type",
						"value": "application/json",
						"type": "text"
					},
					{
						"key": "Accept",
						"value": "application/json",
						"type": "text"
					},
					{
						"key": "Cookie",
						"value": "token = {{AccessData}}",
						"type": "text"
					}
				],
				"url": "{{url}}/booking/{{myID}}"
			},
			"response": []
		}
	]
}